1,Beam,"Finance, Ops, Data and Analytics",Australia
2,Samsung electronic company,"Sales, Engineering, Product",Australia
3,Iflix,"Marketing, Sales, BD and Partnerships",Bangladesh
4,Young Founders School,"Marketing, BD and Partnerships, Ops",Bangladesh
5,Blockstack PBC,"Marketing, Sales, BD and Partnerships, Product",Hongkong
6,ELVA Group,"Engineering, Data and Analytics",Hongkong
7,HYPE Asia,"BD and Partnerships, Product, Finance, Data and Analytics, Design",Hongkong
8,Landor ,Design,Hongkong
9,Sojern,"Sales, BD and Partnerships",Hongkong
10,Salka Whale Watching,"Marketing, Sales",Iceland
11,Aibono ,"Marketing, Sales, BD and Partnerships, Ops",India
12,AirAsia,Marketing,India
13,Airbnb,"Sales, BD and Partnerships",India
14,Appknit,Engineering,India
15,Ayopop Technology India Pvt Ltd,Engineering,India
16,Bounce,Product,India
17,Capillary Technologies,Ops,India
18,CT Corp Digital,Data and Analytics,India
19,DigitalAPICraft,Engineering,India
20,Entrepreneur First,"Product, Design",India
21,Exotel,Engineering,India
22,Exotel,"Engineering, Data and Analytics",India
23,Get My Parking,"Engineering, Ops",India
24,Google Inc,"Sales, BD and Partnerships",India
25,Helptheworld.io,"BD and Partnerships, Product, Data and Analytics",India
26,HOOQ,BD and Partnerships,India
27,HOOQ,Engineering,India
28,HOOQ,Product,India
29,HOOQ,Product,India
30,HOOQ,Product,India
31,IIT Kharagpur,"Marketing, Sales, Product, Finance, Data and Analytics",India
32,Insanirator,"BD and Partnerships, Product",India
33,Klub,"Sales, BD and Partnerships, Product, Ops",India
34,Market Pulse,"Engineering, Design",India
35,Seekify Pte Ltd,"Engineering, Data and Analytics",India
36,Seekify Pte Ltd,"Engineering, Ops",India
37,Seekify Pte Ltd,"Marketing, Product, Design",India
38,Seekify Pte Ltd,"Marketing, Sales, BD and Partnerships, Product, Ops",India
39,Seekify Pte Ltd,Product,India
40,Stg,"Marketing, Sales, BD and Partnerships, Ops",India
41,Stylenook,Data and Analytics,India
42,A/Nalendro,Design,Indonesia
43,Abata Citra Solusi,"Engineering, Ops",Indonesia
44,aCommerce Indonesia,"Sales, BD and Partnerships, Ops",Indonesia
45,Adira Insurance,"Marketing, BD and Partnerships, Product",Indonesia
46,Agri Teknologi Indonesia,"Engineering, Product",Indonesia
47,Airyrooms,"BD and Partnerships, Ops, Exec Team, HR, People, Talent",Indonesia
48,Airyrooms,Design,Indonesia
49,Airyrooms,Design,Indonesia
50,Airyrooms,Design,Indonesia
51,Airyrooms,"Engineering, Product",Indonesia
52,Airyrooms,"HR, People, Talent",Indonesia
53,Airyrooms,"HR, People, Talent",Indonesia
54,Airyrooms,"HR, People, Talent",Indonesia
55,Airyrooms,"Marketing, BD and Partnerships, Product, Finance, Ops, Design",Indonesia
56,Airyrooms,"Marketing, Design",Indonesia
57,Airyrooms,"Marketing, Design",Indonesia
58,Airyrooms,"Marketing, Product",Indonesia
59,Airyrooms,"Marketing, Product, Data and Analytics, Exec Team",Indonesia
60,Airyrooms,"Marketing, Product, Finance, Ops, Data and Analytics, Design",Indonesia
61,Airyrooms,"Marketing, Sales, Product",Indonesia
62,Airyrooms,"Marketing, Sales, Product, Accounting, Finance, Data and Analytics",Indonesia
63,Airyrooms,"Ops, HR, People, Talent",Indonesia
64,Airyrooms,"Ops, HR, People, Talent",Indonesia
65,Airyrooms,Product,Indonesia
66,Airyrooms,Product,Indonesia
67,Airyrooms,Product,Indonesia
68,Airyrooms,Product,Indonesia
69,Airyrooms,"Product, Design",Indonesia
70,Airyrooms,"Product, Design",Indonesia
71,Airyrooms,"Product, Design",Indonesia
72,Airyrooms,"Product, Design",Indonesia
73,Airyrooms,"Product, Finance, Ops, Data and Analytics",Indonesia
74,Airyrooms,"Sales, BD and Partnerships, Product, Ops",Indonesia
75,ALAX.IO Subsidiary of DECENT.CH,"Marketing, Sales, BD and Partnerships",Indonesia
76,Amalan International Pte. Ltd.,Marketing,Indonesia
77,Apple Developer Academy,"Marketing, BD and Partnerships, Product, HR, People, Talent, Design",Indonesia
78,Arcade Indonesia,"Marketing, BD and Partnerships, Design",Indonesia
79,Astra International,"Marketing, Ops",Indonesia
80,Astra International,"Marketing, Sales",Indonesia
81,Aura Esport,Marketing,Indonesia
82,Axinan Pte Ltd,Ops,Indonesia
83,Ayannah,Engineering,Indonesia
84,"Bank Danamon Indonesia, PT","Marketing, Sales, BD and Partnerships, Finance, Data and Analytics, HR, People, Talent",Indonesia
85,Bappeda NTB,"Engineering, Design",Indonesia
86,Bareksa Prioritas,"Sales, BD and Partnerships",Indonesia
87,Beiersdorf Indonesia,"Marketing, Sales, BD and Partnerships, Product, Data and Analytics, HR, People, Talent",Indonesia
88,Bersatu Sukses Group ,"Ops, HR, People, Talent",Indonesia
89,Bhineka Ciria Artana,"Marketing, Sales",Indonesia
90,Bitread Publishing,"Marketing, BD and Partnerships, Design",Indonesia
91,Bizzy,"Ops, Data and Analytics",Indonesia
92,Bizzy,Product,Indonesia
93,BlueMart Indonesia ,"Marketing, Sales, BD and Partnerships, Product",Indonesia
94,BroSisPKU,BD and Partnerships,Indonesia
95,Bukalapak,"Product, Ops",Indonesia
96,Bussr,Design,Indonesia
97,Cashwagon Indonesia,Engineering,Indonesia
98,Cermati.com,Product,Indonesia
99,Cermati.com,"Product, Ops, Data and Analytics",Indonesia
100,Ciayo Comics,Engineering,Indonesia
101,Ciayo Comics,Marketing,Indonesia
102,Ciayo Comics,"Product, Design",Indonesia
103,CIMB Niaga Finance,"Finance, Data and Analytics",Indonesia
104,CIMB Niaga Finance,"Finance, Data and Analytics",Indonesia
105,Circles.Life,"Product, Ops, Data and Analytics",Indonesia
106,ClassPass,"Sales, BD and Partnerships, Finance, Exec Team, HR, People, Talent",Indonesia
107,Club Alacarte (PT. Media Digital Alacarte),"Marketing, BD and Partnerships, Product",Indonesia
108,CoHive,"BD and Partnerships, Finance",Indonesia
109,CoHive,"Product, Ops, Design",Indonesia
110,CoHive,"Sales, BD and Partnerships",Indonesia
111,ConnectOne,"Marketing, Sales, BD and Partnerships, Ops, Exec Team, HR, People, Talent",Indonesia
112,CT Corp Digital,Data and Analytics,Indonesia
113,CT Corp Digital,Data and Analytics,Indonesia
114,CT Corp Digital,Data and Analytics,Indonesia
115,CT Corp Digital,Data and Analytics,Indonesia
116,CT Corp Digital,Data and Analytics,Indonesia
117,CT Corp Digital,Design,Indonesia
118,CT Corp Digital,Design,Indonesia
119,CT Corp Digital,Design,Indonesia
120,CT Corp Digital,Design,Indonesia
121,CT Corp Digital,Engineering,Indonesia
122,CT Corp Digital,Engineering,Indonesia
123,CT Corp Digital,Engineering,Indonesia
124,CT Corp Digital,Engineering,Indonesia
125,CT Corp Digital,Engineering,Indonesia
126,CT Corp Digital,Engineering,Indonesia
127,CT Corp Digital,Engineering,Indonesia
128,CT Corp Digital,Engineering,Indonesia
129,CT Corp Digital,Engineering,Indonesia
130,CT Corp Digital,Engineering,Indonesia
131,CT Corp Digital,Engineering,Indonesia
132,CT Corp Digital,Engineering,Indonesia
133,CT Corp Digital,Engineering,Indonesia
134,CT Corp Digital,Engineering,Indonesia
135,CT Corp Digital,Engineering,Indonesia
136,CT Corp Digital,Engineering,Indonesia
137,CT Corp Digital,Engineering,Indonesia
138,CT Corp Digital,"Marketing, Data and Analytics",Indonesia
139,DataOn,Engineering,Indonesia
140,Deltamas,"Marketing, Product, Data and Analytics",Indonesia
141,Digitaraya,"Marketing, BD and Partnerships, Ops, HR, People, Talent",Indonesia
142,Dimo Pay,"HR, People, Talent",Indonesia
143,Dimo Pay,"Marketing, BD and Partnerships, Ops",Indonesia
144,Dimo Pay,Ops,Indonesia
145,Dimo Pay,Ops,Indonesia
146,Dimo Pay,Ops,Indonesia
147,Disrupto Society,"Marketing, Sales, BD and Partnerships, Finance, Exec Team, HR, People, Talent",Indonesia
148,Dokter Mobil,Data and Analytics,Indonesia
149,Dokter Sehat,BD and Partnerships,Indonesia
150,Dokter Sehat,BD and Partnerships,Indonesia
151,Dokter Sehat,"Marketing, Design",Indonesia
152,Dokter Sehat,"Marketing, Design",Indonesia
153,Dompet Kilat,Data and Analytics,Indonesia
154,Dompet Kilat,Marketing,Indonesia
155,DTS kominfo,Ops,Indonesia
156,Dwidaya Nusantara Convex,Ops,Indonesia
157,Eatsy Technologies,Finance,Indonesia
158,Eatsyapp,"Marketing, Sales, BD and Partnerships, Ops",Indonesia
159,Ecologes Indonesia,"Marketing, BD and Partnerships",Indonesia
160,Ekipa Agile Consultancy,"Marketing, Sales, Product, Data and Analytics, Design",Indonesia
161,EKRUT,"Marketing, BD and Partnerships",Indonesia
162,Elliot Communications,"BD and Partnerships, Data and Analytics, HR, People, Talent",Indonesia
163,Elliot Communications,"Marketing, Sales, BD and Partnerships, Data and Analytics",Indonesia
164,Expedia Group,Sales,Indonesia
165,Ferron Par Pharmaceuticals,"HR, People, Talent",Indonesia
166,Finflee Teknologi Indonesia,"HR, People, Talent",Indonesia
167,Fintech,Marketing,Indonesia
168,Fleischhacker Solution Indonesia,"Marketing, Sales, Ops, Data and Analytics",Indonesia
169,foodspot,"Sales, BD and Partnerships",Indonesia
170,Foomee Science Intelligence ,Design,Indonesia
171,Fore Coffee,Engineering,Indonesia
172,Fore Coffee,Engineering,Indonesia
173,Fullerton Health Indonesia,"Sales, BD and Partnerships",Indonesia
174,Fuse Teknologi,"Marketing, BD and Partnerships",Indonesia
175,Glints Indoensia,"Marketing, Data and Analytics",Indonesia
176,Go Online Destination (Pegipegi),Data and Analytics,Indonesia
177,Gojek,"Sales, BD and Partnerships, Ops, Data and Analytics",Indonesia
178,Gorry Holdings,"Marketing, Sales, BD and Partnerships, Engineering, Product, Finance, Data and Analytics, Exec Team, HR, People, Talent, Design",Indonesia
179,Grab,Data and Analytics,Indonesia
180,Gredu,"Engineering, Design",Indonesia
181,Gredu,Product,Indonesia
182,Gredu,Product,Indonesia
183,GREDU,"Product, Design",Indonesia
184,Hacktiv8,Engineering,Indonesia
185,Hacktiv8,Engineering,Indonesia
186,Hacktiv8,Engineering,Indonesia
187,Hacktiv8,"Engineering, Data and Analytics",Indonesia
188,Hacktiv8,"Engineering, Ops, Data and Analytics",Indonesia
189,Hacktiv8,"Engineering, Product, Data and Analytics, Design",Indonesia
190,Hacktiv8,"Product, HR, People, Talent",Indonesia
191,Hara Token,Engineering,Indonesia
192,Helmad,"Marketing, Sales, BD and Partnerships",Indonesia
193,HijUp,Marketing,Indonesia
194,HJ Production Asia,"Ops, Exec Team, HR, People, Talent, Design",Indonesia
195,Holiday Inn Express Jakarta Matraman,"HR, People, Talent",Indonesia
196,Home Credit Indonesia,Engineering,Indonesia
197,Home Credit Indonesia ,"Finance, Data and Analytics",Indonesia
198,Homecare24.id,"Marketing, Sales, BD and Partnerships, Product",Indonesia
199,HOOQ,BD and Partnerships,Indonesia
200,HOOQ,BD and Partnerships,Indonesia
201,HOOQ,Design,Indonesia
202,HOOQ,Design,Indonesia
203,HOOQ,Engineering,Indonesia
204,HOOQ,Engineering,Indonesia
205,HOOQ,Engineering,Indonesia
206,HOOQ,Engineering,Indonesia
207,HOOQ,Engineering,Indonesia
208,HOOQ,Engineering,Indonesia
209,HOOQ,Engineering,Indonesia
210,HOOQ,Engineering,Indonesia
211,HOOQ,Engineering,Indonesia
212,HOOQ,Engineering,Indonesia
213,HOOQ,Marketing,Indonesia
214,HOOQ,Marketing,Indonesia
215,HOOQ,Marketing,Indonesia
216,HOOQ,Marketing,Indonesia
217,HOOQ,Product,Indonesia
218,Hotel Bluesky Pandurata,"Marketing, Sales",Indonesia
219,Hubud: Coworking Space,"BD and Partnerships, Ops, Exec Team",Indonesia
220,Hubud: Coworking Space,"Marketing, Ops",Indonesia
221,Hubud: Coworking Space,"Marketing, Product, Exec Team, HR, People, Talent",Indonesia
222,HUYA,"Marketing, BD and Partnerships",Indonesia
223,IBK Bank Indonesia,"Marketing, BD and Partnerships, Product, Finance, Ops",Indonesia
224,IBM Indonesia,"Product, Design",Indonesia
225,Ibunda.id,"Marketing, BD and Partnerships",Indonesia
226,Idigiline,"Marketing, Sales, BD and Partnerships",Indonesia
227,IDStar,Engineering,Indonesia
228,Impactgroup,"Marketing, Product, Data and Analytics",Indonesia
229,IMURAL.ID,"Marketing, Product, Design",Indonesia
230,International Animal Rescue Indonesia,"Marketing, Design",Indonesia
231,International Finance Corporation,"BD and Partnerships, Data and Analytics",Indonesia
232,Investree,"HR, People, Talent",Indonesia
233,Investree,"Sales, BD and Partnerships, Finance",Indonesia
234,iSeller,Ops,Indonesia
235,ISMAYA GROUP,"Marketing, BD and Partnerships",Indonesia
236,Japan Tobacco International ,Marketing,Indonesia
237,Java anugerah,"Marketing, Ops, Data and Analytics, Exec Team",Indonesia
238,Jawapos tv Jakarta,"Marketing, Product, Design",Indonesia
239,Jawapos tv Jakarta,"Marketing, Product, Design",Indonesia
240,Jawapos tv Jakarta,"Marketing, Product, Design",Indonesia
241,JAWAPOSTV,Design,Indonesia
242,Jualo,"Marketing, BD and Partnerships",Indonesia
243,Jualo & Carro,"Marketing, BD and Partnerships, Exec Team",Indonesia
244,Jualo & Carro,"Marketing, Sales, BD and Partnerships, Design",Indonesia
245,Julo,"Marketing, Product, Data and Analytics",Indonesia
246,JW Marriott Medan,"Marketing, Sales, Accounting, Finance",Indonesia
247,Kamar Keluarga,Marketing,Indonesia
248,Kinniku Studio,Design,Indonesia
249,KoinWorks,Design,Indonesia
250,KoinWorks,Design,Indonesia
251,KoinWorks,Engineering,Indonesia
252,KoinWorks,Marketing,Indonesia
253,KoinWorks,Marketing,Indonesia
254,Kompis Creative Solutions,Engineering,Indonesia
255,Kuaishou,"Sales, BD and Partnerships, Ops",Indonesia
256,Kumpul ,"Sales, BD and Partnerships",Indonesia
257,labster,"Engineering, Product",Indonesia
258,Local Champions Indonesia,BD and Partnerships,Indonesia
259,Local Realestat Company,"Marketing, Finance, HR, People, Talent",Indonesia
260,loopup.com,"Engineering, Product, Design",Indonesia
261,Maestro in Training,"BD and Partnerships, Accounting, Ops, Exec team, HR, People, Talent",Indonesia
262,MAM EO Jakarta,"Marketing, HR, People, Talent",Indonesia
263,Marimakan,Engineering,Indonesia
264,Marimakan,"Marketing, BD and Partnerships, HR, People, Talent",Indonesia
265,Marimakan,"Marketing, Product, Design",Indonesia
266,Matahari.com,"Marketing, BD and Partnerships, Product, Data and Analytics",Indonesia
267,MD Pictures,Product,Indonesia
268,Mekar (PT. Mekar Investama Sampoerna),Engineering,Indonesia
269,Mekari,Design,Indonesia
270,Mekari,"Marketing, Design",Indonesia
271,Mekari,"Marketing, Product",Indonesia
272,Mekari,"Marketing, Sales, BD and Partnerships",Indonesia
273,Mekari,Product,Indonesia
274,Mekari,"Product, Accounting, Ops, Exec Team, HR, People, Talent",Indonesia
275,Menduca,"Marketing, Sales, BD and Partnerships, Ops",Indonesia
276,MGF sourcing ,"Marketing, Product, Ops",Indonesia
277,Mobilkamu.com,"HR, People, Talent",Indonesia
278,Mobilkamu.com,"Marketing, BD and Partnerships",Indonesia
279,Mobilkamu.com,"Marketing, BD and Partnerships",Indonesia
280,Modana,Engineering,Indonesia
281,Modana,"Marketing, BD and Partnerships, Product",Indonesia
282,Modana,"Marketing, BD and Partnerships, Product, Ops, Design",Indonesia
283,Modana,"Product, Design",Indonesia
284,Modana - Indonesia,"Marketing, Sales, BD and Partnerships, Product",Indonesia
285,MODANA.ID (PT Karuna Karyananta Nusantara),"Marketing, Sales, BD and Partnerships, Product, Data and Analytics",Indonesia
286,Moka,BD and Partnerships,Indonesia
287,Moka,Ops,Indonesia
288,Moneysmart.id (PT. Loangarage Indonesia),"HR, People, Talent",Indonesia
289,Motiprins,"Marketing, Product, Design",Indonesia
290,MyEduSolve,"Marketing, Sales, BD and Partnerships, Product, Ops, HR, People, Talent",Indonesia
291,NasiBaik,"Marketing, Product, Exec Team, HR, People, Talent",Indonesia
292,Natural Instinct Healing,Design,Indonesia
293,NETS,"Marketing, Sales, BD and Partnerships",Indonesia
294,Ninenineone Network,Marketing,Indonesia
295,Niometrics,"Engineering, Ops",Indonesia
296,Nodeflux,"Engineering, Ops",Indonesia
297,Nodeflux,Marketing,Indonesia
298,Nodeflux,"Marketing, BD and Partnerships",Indonesia
299,Nodeflux,"Marketing, Design",Indonesia
300,Nodeflux,"Marketing, HR, People, Talent, Design",Indonesia
301,Nodeflux,"Marketing, Sales, BD and Partnerships, Data and Analytics",Indonesia
302,Nodeflux,"Marketing, Sales, BD and Partnerships, Ops, HR, People, Talent",Indonesia
303,Nubela,"Engineering, Product, Data and Analytics",Indonesia
304,Oplifi,"Marketing, BD and Partnerships, Ops, Exec Team",Indonesia
305,OWOX BI,"Marketing, Sales, BD and Partnerships, Data and Analytics",Indonesia
306,OYO,BD and Partnerships,Indonesia
307,OYO,"Engineering, Design",Indonesia
308,OYO,"HR, People, Talent",Indonesia
309,OYO,Marketing,Indonesia
310,OYO,Marketing,Indonesia
311,OYO,"Marketing, Design",Indonesia
312,OYO,"Marketing, HR, People, Talent",Indonesia
313,OYO,"Marketing, HR, People, Talent, Design",Indonesia
314,OYO,"Marketing, Sales, BD and Partnerships",Indonesia
315,OYO,"Marketing, Sales, BD and Partnerships, Ops, HR, People, Talent",Indonesia
316,OYO,"Product, Ops, Data and Analytics",Indonesia
317,OYO,"Sales, BD and Partnerships",Indonesia
318,Pandit Football,"Marketing, Sales, BD and Partnerships",Indonesia
319,Pawoon POS,Product,Indonesia
320,Pegipegi,"BD and Partnerships, Product",Indonesia
321,Pegipegi,Design,Indonesia
322,Pegipegi,Design,Indonesia
323,Phoenix Communications,Design,Indonesia
324,pigijo.com,Marketing,Indonesia
325,prestisa.com,"HR, People, Talent",Indonesia
326,Prioriti Pte. Ltd,"Marketing, BD and Partnerships, Data and Analytics",Indonesia
327,Prioriti Pte. Ltd,"Marketing, Sales, BD and Partnerships, Product",Indonesia
328,Procter & Gamble (P&G),"Marketing, Sales, BD and Partnerships, Product, Finance, Ops, Data and Analytics",Indonesia
329,PT Adya Eduka Dinamika (EF) ,"Marketing, Sales",Indonesia
330,PT Akulaku Finance Indonesia,"Finance, HR, People, Talent",Indonesia
331,PT Amalan International Indonesia,"BD and Partnerships, Ops, Data and Analytics, Exec Team, HR, People, Talent",Indonesia
332,PT Bank Maybank Indonesia,Finance,Indonesia
333,PT Bank Negara Indonesia (Persero) Tbk.,"Marketing, Sales, BD and Partnerships, Product",Indonesia
334,PT Bukit Makmur Mandiri Utama,"Marketing, HR, People, Talent",Indonesia
335,PT Bussr Technologies Indonesia,"BD and Partnerships, Ops",Indonesia
336,PT EKRUT TEKNOLOGI PASIFIK,"Marketing, Sales, BD and Partnerships",Indonesia
337,PT Ekrut Teknologi Utama,"Marketing, Sales, BD and Partnerships",Indonesia
338,PT Evi Asia Tenggara,"Marketing, Sales, BD and Partnerships, Product, Design",Indonesia
339,PT Finfleet Teknologi Indonesia,Design,Indonesia
340,PT HIBA UTAMA,"Accounting, Finance",Indonesia
341,PT Hike Digital Asia,"Finance, HR, People, Talent",Indonesia
342,PT Inti Citra Agung,"BD and Partnerships, Engineering",Indonesia
343,PT Jalan Terus Saja (ReCharge),"Marketing, Sales, BD and Partnerships",Indonesia
344,PT Kahar Duta Sarana,"Sales, Engineering",Indonesia
345,PT KOZY Manajemen,Sales,Indonesia
346,PT Mata Laba Laba,"BD and Partnerships, Product, Data and Analytics, Design",Indonesia
347,PT MNC Land Tbk,Design,Indonesia
348,PT OS Selnajaya Indonesia,"Marketing, Sales, Ops",Indonesia
349,PT Partner Impian Milenial (Schoters),"Marketing, Sales, BD and Partnerships, Product",Indonesia
350,PT Partner Impian Millenial (Schoters),Marketing,Indonesia
351,PT Pasona HR Indonesia,"HR, People, Talent",Indonesia
352,PT Paus Skala Teknologi (whee Indonesia),"Product, Ops",Indonesia
353,PT Raksasa Laju Lintang (Ralali.com),"Sales, BD and Partnerships",Indonesia
354,PT RAKSASA LAJU LINTANG (RALALI),"BD and Partnerships, Ops, HR, People, Talent",Indonesia
355,PT Sebangsa Bersama (Sebangsa Network),"Marketing, Product",Indonesia
356,Pt Smart tbk,"Engineering, Design",Indonesia
357,PT Solusi Energi Terbarukan,Marketing,Indonesia
358,PT Solusi Invest Propertindo,"Marketing, Sales",Indonesia
359,PT Subang Autocomp Indonesa (Yazaki Corporation),Engineering,Indonesia
360,PT TRAVLR GUIDE INDONESIA,"Engineering, Product, Data and Analytics",Indonesia
361,PT TRISINAR INDOPRATAMA,Engineering,Indonesia
362,PT WIN ELECTROINDO HEAT,"Marketing, Sales, BD and Partnerships, Engineering, Product",Indonesia
363,PT. Hacktivate Teknologi Indonesia,Engineering,Indonesia
364,PT. Hello Kreasi Indonesia,"Ops, HR, People, Talent",Indonesia
365,PT. Indodev Niaga Internet,"Engineering, Data and Analytics",Indonesia
366,PT. Indopay Merchant Services,Design,Indonesia
367,PT. Jaya Obayashi,"Marketing, Sales, BD and Partnerships, Engineering",Indonesia
368,PT. Lunaria Annua Teknologi,"Marketing, Accounting, Finance",Indonesia
369,PT. Media Nusantara Citra Tbk,"Marketing, Engineering, Data and Analytics",Indonesia
370,PT. Media Nusantara Citra Tbk,"Ops, Data and Analytics",Indonesia
371,PT. Mitra Adiperkasa Tbk,"Marketing, Sales, Product",Indonesia
372,PT. MITRA GLOBAL HOLIDAY GROUP,"Accounting, Finance",Indonesia
373,PT. Otten Coffee Indonesia,Marketing,Indonesia
374,PT. Panen Lestari Indonesia,"Marketing, Sales, BD and Partnerships",Indonesia
375,PT. Paragon Pratama Teknologi,"Marketing, Sales, BD and Partnerships",Indonesia
376,PT. Phillip Futures,"Marketing, Accounting, Finance, Data and Analytics, HR, People, Talent",Indonesia
377,PT. Prisma DIgital Media,Design,Indonesia
378,PT. Rightledger indonesia,"Marketing, Sales, BD and Partnerships",Indonesia
379,PT. Sale Stock Indonesia,Marketing,Indonesia
380,PT. Sandabi Indah Lestari,Finance,Indonesia
381,PT. Sophie Bakery Indonesia,"Accounting, Finance",Indonesia
382,PT. Sumber Kreatif Indonesia,Design,Indonesia
383,PT. Tennova Cipta Inatech (Pomona),"Product, HR, People, Talent, Design",Indonesia
384,PT. Transportasi Jakarta,"Marketing, BD and Partnerships",Indonesia
385,PT. Tunas Ridean Tbk,"BD and Partnerships, Product, Ops",Indonesia
386,PT. ULTIMA ASIA TEKNOLOGI (Formerly known as Micros - Fidelio Indonesia),"Sales, BD and Partnerships",Indonesia
387,PT.Satyamitra Surya Perkasa,"BD and Partnerships, Engineering, Data and Analytics",Indonesia
388,PT.Visionet Data International,Engineering,Indonesia
389,Purwadhika Startup & Coding School,Marketing,Indonesia
390,Purwadhika Startup & Coding School,Marketing,Indonesia
391,Qazwa,Engineering,Indonesia
392,Qazwa,Engineering,Indonesia
393,Qazwa,"Engineering, Design",Indonesia
394,QRIM Express,"Marketing, Design",Indonesia
395,Ralali,Marketing,Indonesia
396,Ralali.com,Engineering,Indonesia
397,Ralali.com,Marketing,Indonesia
398,Ralali.com,"Sales, BD and Partnerships",Indonesia
399,Ralali.com,"Sales, BD and Partnerships, Ops",Indonesia
400,ReCharge Indonesia,Marketing,Indonesia
401,ReCharge Indonesia,"Sales, BD and Partnerships, Product",Indonesia
402,RedDoorz Indonesia,"Marketing, Sales, BD and Partnerships, Data and Analytics",Indonesia
403,RefillMyBottle,"Marketing, BD and Partnerships, Product, Design",Indonesia
404,Samala Hotel,"Accounting, Finance",Indonesia
405,Schoters,BD and Partnerships,Indonesia
406,Schoters,Design,Indonesia
407,Schoters,"Marketing, Sales, Product",Indonesia
408,Seekmi,"BD and Partnerships, Ops, Data and Analytics, HR, People, Talent",Indonesia
409,Shangri La Barr Al Jissah,"Marketing, Sales",Indonesia
410,SIAP Social Innovation.id,"Marketing, Sales, BD and Partnerships",Indonesia
411,Stats Perform,"Marketing, BD and Partnerships, Design",Indonesia
412,STOQO,"HR, People, Talent",Indonesia
413,Style Theory,Design,Indonesia
414,Susi Air,"Ops, HR, People, Talent",Indonesia
415,Sweet Escape,Design,Indonesia
416,SweetEscape,BD and Partnerships,Indonesia
417,SweetEscape,BD and Partnerships,Indonesia
418,SweetEscape,BD and Partnerships,Indonesia
419,SweetEscape,Creative,Indonesia
420,SweetEscape,Creative,Indonesia
421,SweetEscape,Creative,Indonesia
422,SweetEscape,Design,Indonesia
423,SweetEscape,Design,Indonesia
424,SweetEscape,Design,Indonesia
425,SweetEscape,Engineering,Indonesia
426,SweetEscape,Engineering,Indonesia
427,SweetEscape,Engineering,Indonesia
428,SweetEscape,Engineering,Indonesia
429,SweetEscape,Engineering,Indonesia
430,SweetEscape,Finance,Indonesia
431,SweetEscape,Finance,Indonesia
432,SweetEscape,Marketing,Indonesia
433,SweetEscape,Marketing,Indonesia
434,SweetEscape,Marketing,Indonesia
435,SweetEscape,Marketing,Indonesia
436,SweetEscape,Marketing,Indonesia
437,SweetEscape,"Marketing, Sales, BD and Partnerships",Indonesia
438,SweetEscape,Ops,Indonesia
439,SweetEscape,Ops,Indonesia
440,SweetEscape,Ops,Indonesia
441,SweetEscape,Ops,Indonesia
442,SweetEscape,Ops,Indonesia
443,SweetEscape,Ops,Indonesia
444,SweetEscape,Ops,Indonesia
445,SweetEscape,Ops,Indonesia
446,SweetEscape,Ops,Indonesia
447,SweetEscape,Ops,Indonesia
448,SweetEscape,Ops,Indonesia
449,SweetEscape,Ops,Indonesia
450,SweetEscape,Ops,Indonesia
451,SweetEscape,Ops,Indonesia
452,SweetEscape,Ops,Indonesia
453,SweetEscape,Ops,Indonesia
454,SweetEscape,Ops,Indonesia
455,SweetEscape,Ops,Indonesia
456,SweetEscape,Ops,Indonesia
457,SweetEscape,"Ops, HR, People, Talent",Indonesia
458,SweetEscape,Product,Indonesia
459,SweetEscape,Product,Indonesia
460,SweetEscape,"Product, Design",Indonesia
461,SweetEscape ,"Marketing, BD and Partnerships",Indonesia
462,Talent Indonesia : Indonesia Ministry of Manpower,"BD and Partnerships, Product, Ops, HR, People, Talent",Indonesia
463,Target Media Nusantara,BD and Partnerships,Indonesia
464,The F Thing,Design,Indonesia
465,The F Thing,Marketing,Indonesia
466,The Keranjang Bali,Engineering,Indonesia
467,Tix ID,Engineering,Indonesia
468,TIX ID,Product,Indonesia
469,Tokobox,Engineering,Indonesia
470,Tokopedia,"BD and Partnerships, Engineering, Product, Finance, Data and Analytics",Indonesia
471,Tokopedia,"Marketing, BD and Partnerships, Product, Ops, Design",Indonesia
472,Tokopedia,"Marketing, Sales, BD and Partnerships",Indonesia
473,Traveloka,BD and Partnerships,Indonesia
474,Traveloka,Design,Indonesia
475,Traveloka,Design,Indonesia
476,Traveloka,Design,Indonesia
477,Traveloka,"HR, People, Talent, Design",Indonesia
478,Traveloka,Marketing,Indonesia
479,Traveloka,Marketing,Indonesia
480,Traveloka,Marketing,Indonesia
481,Traveloka,Marketing,Indonesia
482,Traveloka,"Marketing, BD and Partnerships",Indonesia
483,Traveloka,"Marketing, BD and Partnerships",Indonesia
484,Traveloka,"Marketing, BD and Partnerships, Engineering, Product",Indonesia
485,Traveloka,"Marketing, BD and Partnerships, Product",Indonesia
486,Traveloka,"Marketing, BD and Partnerships, Product, Data and Analytics",Indonesia
487,Traveloka,"Marketing, Data and Analytics",Indonesia
488,Traveloka,"Marketing, Data and Analytics",Indonesia
489,Traveloka,"Marketing, Design",Indonesia
490,Traveloka,"Marketing, Ops, Design",Indonesia
491,Traveloka,"Marketing, Product",Indonesia
492,Traveloka,"Marketing, Product",Indonesia
493,Traveloka,"Marketing, Product, Design",Indonesia
494,Traveloka,"Marketing, Sales, BD and Partnerships, Product",Indonesia
495,Traveloka,Product,Indonesia
496,Traveloka,Product,Indonesia
497,Traveloka,"Product, Design",Indonesia
498,Traveloka,"Product, Design",Indonesia
499,Traveloka,"Product, Design",Indonesia
500,Traveloka,"Product, Ops, Design",Indonesia
501,Traveloka,"Sales, BD and Partnerships, Design",Indonesia
502,TRAVLR,Engineering,Indonesia
503,Trivago,"Accounting, Finance",Indonesia
504,Tvlk,Product,Indonesia
505,Tyroola,"Marketing, Design",Indonesia
506,TYSM Indonesia,"Marketing, Product, Design",Indonesia
507,Uber,"Sales, BD and Partnerships",Indonesia
508,Ultravoucher,Design,Indonesia
509,Umroh.com,"Engineering, Data and Analytics",Indonesia
510,Umroh.com,"HR, People, Talent",Indonesia
511,Umroh.com,Marketing,Indonesia
512,Umroh.com,"Marketing, BD and Partnerships, Ops",Indonesia
513,Umroh.com,"Marketing, Design",Indonesia
514,Umroh.com,"Marketing, Ops",Indonesia
515,Unilever,"Marketing, BD and Partnerships, Ops, Data and Analytics, HR, People, Talent",Indonesia
516,Universitas Gadjah Mada,Engineering,Indonesia
517,Universitas Pancasila,"Engineering, Ops, Exec Team, Design",Indonesia
518,Unsircle,"Marketing, Sales, BD and Partnerships, Data and Analytics",Indonesia
519,Urbanhire,"Marketing, Sales, HR, People, Talent",Indonesia
520,Urbanhire (PT Urban Teknologi Digital),Marketing,Indonesia
521,Vivabuy (Cross Border Ecommerce),"Marketing, Sales, BD and Partnerships, Product, Ops, HR, People, Talent",Indonesia
522,Vizitrip,Design,Indonesia
523,Vizitrip,"Marketing, Sales, Product, Ops",Indonesia
524,Weather and Climate Prediction Laboratory ITB ,"Product, Data and Analytics",Indonesia
525,Wg group,BD and Partnerships,Indonesia
526,Wujudkan Indonesia,"Engineering, Product, Data and Analytics, Exec Team",Indonesia
527,YukStay,"BD and Partnerships, Ops, Data and Analytics",Indonesia
528,Zilingo,Marketing,Indonesia
529,Zuzu Hospitality,"Marketing, BD and Partnerships, Ops",Indonesia
530,Zuzu Hospitality,Ops,Indonesia
531,Zuzu Hospitality,"Ops, HR, People, Talent",Indonesia
532,Zuzu Hospitality,"Product, Ops, Data and Analytics",Indonesia
533,Zuzu Hospitality,"Sales, BD and Partnerships",Indonesia
534,LR-Group,"Marketing, BD and Partnerships, Exec Team",Israel
535,Watcha,BD and Partnerships,Korea
536,Nodeflux,"Marketing, Data and Analytics",Laos
537,Acc Resources Corporate Services PLT,"BD and Partnerships, Accounting, Finance, Exec Team, HR, People, Talent",Malaysia
538,Amaris Consulting (Malaysia),"Sales, BD and Partnerships, Ops, HR, People, Talent",Malaysia
539,Become - Rocket Internet,"HR, People, Talent",Malaysia
540,Big Bad Wolf Books,Design,Malaysia
541,Big Bad Wolf Books,"Finance, Data and Analytics, Exec Team",Malaysia
542,Big Bad Wolf Books,"Marketing, Sales, Product, Design",Malaysia
543,BlinQ Fashion,"BD and Partnerships, Ops",Malaysia
544,Buyandship,"Marketing, BD and Partnerships, Finance, Ops, Data and Analytics, Exec Team, HR, People, Talent",Malaysia
545,Caterspot,Engineering,Malaysia
546,CHCLab Solutions,"Engineering, Data and Analytics",Malaysia
547,CoHive,Finance,Malaysia
548,Dahmakan,"HR, People, Talent",Malaysia
549,Dahmakan,"HR, People, Talent",Malaysia
550,Dahmakan,"HR, People, Talent",Malaysia
551,Dahmakan,Marketing,Malaysia
552,Dahmakan,"Marketing, BD and Partnerships",Malaysia
553,Dahmakan,"Marketing, Sales, Design",Malaysia
554,Dahmakan,"Marketing, Sales, HR, People, Talent",Malaysia
555,DCONFIG,Engineering,Malaysia
556,DXC Technology,"Engineering, Ops",Malaysia
557,EBlinq Fashion (M) Sdn Bhd,"BD and Partnerships, Ops",Malaysia
558,EBlinq Fashion (M) Sdn Bhd,"Marketing, Sales, Product, Ops, Design",Malaysia
559,Endeavor standard,Engineering,Malaysia
560,Enrich social Media ,"Marketing, BD and Partnerships",Malaysia
561,Fore Front International,Marketing,Malaysia
562,GoQuo,"Engineering, Data and Analytics",Malaysia
563,GoQuo,"Engineering, Ops",Malaysia
564,GoQuo,"Marketing, Sales, BD and Partnerships, HR, People, Talent",Malaysia
565,GoQuo,Product,Malaysia
566,GoQuo,"Product, Data and Analytics",Malaysia
567,GoQuo,"Product, Data and Analytics, Design",Malaysia
568,Hellogold Sdn Bhd,Design,Malaysia
569,Hostel Hunting Sdn Bhd,"Marketing, Design",Malaysia
570,Iflix,BD and Partnerships,Malaysia
571,Iflix,"Marketing, Design",Malaysia
572,iflix,Product,Malaysia
573,IT. Business Solution Sdn. Bhd,Ops,Malaysia
574,Jobworks ,"Marketing, Sales, BD and Partnerships, Ops, HR, People, Talent",Malaysia
575,Kenanga Investors Berhad,"Engineering, Ops",Malaysia
576,Kind Kones,"Sales, BD and Partnerships, Ops, Data and Analytics, HR, People, Talent",Malaysia
577,Klook,"Marketing, BD and Partnerships",Malaysia
578,Ks Link,Sales,Malaysia
579,Lazada,"Marketing, Sales, BD and Partnerships, Data and Analytics, Exec Team",Malaysia
580,Lendela,"Marketing, Sales, BD and Partnerships, Product, Data and Analytics, HR, People, Talent",Malaysia
581,Live In Private Limited Company,"Engineering, Product, Finance, Data and Analytics, Exec Team",Malaysia
582,Meridin Properties,"Marketing, HR, People, Talent",Malaysia
583,Multi Nasional Company,"Marketing, Sales, BD and Partnerships, Product",Malaysia
584,Omnilytics,"Engineering, Data and Analytics",Malaysia
585,Omnilytics,Marketing,Malaysia
586,OYO,"BD and Partnerships, Product, Ops",Malaysia
587,OYO,"Marketing, Sales, BD and Partnerships",Malaysia
588,Piktochart Sdn Bhd,Product,Malaysia
589,Polypixel Studios,"Marketing, Sales, BD and Partnerships",Malaysia
590,POPLOOK Sdn Bhd,Marketing,Malaysia
591,Publicis Groupe ,Marketing,Malaysia
592,Qazwa,"Marketing, Design",Malaysia
593,Red Bull Product of Europe,"Marketing, Sales, HR, People, Talent",Malaysia
594,Resources Global Professionals (Singapore) Ptd Ltd (RGP),"Accounting, Finance",Malaysia
595,Rocket internet,"Marketing, BD and Partnerships, Product, Ops, Data and Analytics, Exec Team",Malaysia
596,Safeguards G4S SDN BHD,Engineering,Malaysia
597,SkyMaker Technology Solutions,"Engineering, Ops, Exec Team, Design",Malaysia
598,TTwoWeb,"Marketing, Sales, Product, Data and Analytics",Malaysia
599,UDrive Media Sdn Bhd,"Marketing, Ops, Exec Team",Malaysia
600,WhatAdver Media,"Marketing, Data and Analytics, Design",Malaysia
601,Zone Architect,Design,Malaysia
602,Zone Architect,Design,Malaysia
603,Zuzu Hospitality,Data and Analytics,Malaysia
604,Zuzu Hospitality,"Marketing, Ops, Data and Analytics, Exec Team",Malaysia
605,HOOQ,Design,Manila
606,Iris Worldwide,Design,Myanmar
607,BeMyGuest,"Marketing, BD and Partnerships, Product, Ops",Philippines
608,BeMyGuest,"Marketing, Ops",Philippines
609,BeMyGuest,"Product, Ops",Philippines
610,Funding Societies,"Sales, BD and Partnerships",Philippines
611,HOOQ,Content,Philippines
612,HOOQ,Content,Philippines
613,HOOQ,Content,Philippines
614,HOOQ,Content,Philippines
615,HOOQ,Content,Philippines
616,HOOQ,Content,Philippines
617,HOOQ,Content,Philippines
618,HOOQ,Data and Analytics,Philippines
619,HOOQ,Data and Analytics,Philippines
620,HOOQ,Data and Analytics,Philippines
621,HOOQ,Design,Philippines
622,HOOQ,Exec Team,Philippines
623,HOOQ,Marketing,Philippines
624,HOOQ,Ops,Philippines
625,HOOQ,Ops,Philippines
626,HOOQ,Ops,Philippines
627,HOOQ,"Product, Ops",Philippines
628,Maria Health,"Sales, BD and Partnerships, Product, Ops, Data and Analytics",Philippines
629,Metro Central Mall Inc. & MS Department Store Inc.,"Marketing, Sales, Ops",Philippines
630,Mynt (Globe Fintech Innovations),"BD and Partnerships, Finance",Philippines
631,SMARTE CARTE SINGAPORE PTE LTD ,"Sales, BD and Partnerships, Ops",Philippines
632,Snapcart,Data and Analytics,Philippines
633,Fashion Investment Group,"Marketing, BD and Partnerships, Ops, HR, People, Talent",Poland
634,www.FlightClaimEU.com,"Marketing, BD and Partnerships, Finance, Ops, Data and Analytics",Romania
635,4xlabs,"Sales, Engineering, Product",Singapore
636,90 Seconds,"Product, Exec Team",Singapore
637,99.co,"BD and Partnerships, Ops",Singapore
638,99.co,"BD and Partnerships, Ops",Singapore
639,99.co,"Marketing, Design",Singapore
640,Abakus Asia Pacific Pte Ltd,HR,Singapore
641,ABEJA,"Marketing, BD and Partnerships, Product",Singapore
642,Adara,"Marketing, Ops, Data and Analytics",Singapore
643,Advance AI,"Marketing, Sales, BD and Partnerships, Product, Ops",Singapore
644,"Agency for Science, Technology and Research (A*STAR)","Engineering, Data and Analytics",Singapore
645,AI Love Venture,"Sales, BD and Partnerships, Exec Team, Design",Singapore
646,Airbnb,"HR, People, Talent",Singapore
647,Airbnb,"HR, People, Talent",Singapore
648,Airbnb,"Marketing, BD and Partnerships, Product, HR, People, Talent",Singapore
649,Airbnb,Ops,Singapore
650,Airbnb,Ops,Singapore
651,Airbnb,Ops,Singapore
652,Airbnb,Ops,Singapore
653,Airbnb,"Sales, BD and Partnerships",Singapore
654,Airbnb,"Sales, BD and Partnerships, Ops, Data and Analytics",Singapore
655,Airbnb ,"Sales, BD and Partnerships, Ops, Data and Analytics",Singapore
656,Allindive,"Marketing, BD and Partnerships, Ops",Singapore
657,Alpha7,"Product, Ops, Data and Analytics",Singapore
658,Anchanto,BD and Partnerships,Singapore
659,Andrew Yang 2020 (US Presidential Campaign),Data and Analytics,Singapore
660,Antler,"Marketing, Engineering, Product",Singapore
661,Antler,"Marketing, Sales, BD and Partnerships, HR, People, Talent",Singapore
662,AntWorks Pte Ltd,"Marketing, Sales, BD and Partnerships, Product, Exec Team",Singapore
663,Aptsys Technologies Pte ltd,Engineering,Singapore
664,Arcus Financial ,"Marketing, Data and Analytics",Singapore
665,Artefact,"Marketing, Sales, BD and Partnerships",Singapore
666,Atta Inc,"Marketing, Sales, BD and Partnerships",Singapore
667,AUM Biosciences,BD and Partnerships,Singapore
668,Aventri Event Software Pteb Ltd,"Sales, Finance, Ops, Exec Team",Singapore
669,AXA Insurance Pte Ltd,"Marketing, BD and Partnerships, Product, Design",Singapore
670,Babel Pte Ltd,"Sales, Product, Data and Analytics, Exec Team",Singapore
671,BCI Asia,Data and Analytics,Singapore
672,Beam Mobility Australia Pty Ltd,"BD and Partnerships, Ops, Data and Analytics",Singapore
673,BeMyGuest,"Engineering, Exec Team",Singapore
674,Blue Mirror Pte Ltd,"Ops, Data and Analytics, Exec Team, HR, People, Talent",Singapore
675,Bluenest Pte Ltd,Marketing,Singapore
676,Boogle Group,"Marketing, Product",Singapore
677,Booking.com,"Sales, BD and Partnerships",Singapore
678,Boston Consulting Group,"Marketing, Sales, BD and Partnerships, Product, Data and Analytics",Singapore
679,Boxgreen Pte Ltd,"Accounting, Finance, HR, People, Talent",Singapore
680,Branch Metrics,"HR, People, Talent",Singapore
681,Branch Metrics,"Marketing, Sales, BD and Partnerships",Singapore
682,Branch Metrics,"Marketing, Sales, BD and Partnerships, Ops, Exec Team, HR, People, Talent",Singapore
683,Branch Metrics,"Sales, BD and Partnerships",Singapore
684,Branch Metrics,"Sales, Engineering, Ops",Singapore
685,Certis Cisco,"Sales, BD and Partnerships, Exec Team",Singapore
686,Chab Pte Ltd ,"Marketing, BD and Partnerships, Ops",Singapore
687,Challenger Inc.,"Marketing, Sales, Data and Analytics",Singapore
688,Chiyoda Singapore,"Engineering, Product, Design",Singapore
689,Cialfo,Product,Singapore
690,Circles Life Technology,"HR, People, Talent",Singapore
691,Cisco,"BD and Partnerships, Engineering, Product",Singapore
692,Clarivate Analytics,"Sales, BD and Partnerships, Engineering, Ops, Data and Analytics, Exec Team",Singapore
693,ClassPass,"Marketing, BD and Partnerships, Accounting, Design",Singapore
694,ClassPass,"Marketing, Data and Analytics",Singapore
695,Closers.com / Mev-Rael London,"Marketing, BD and Partnerships, Product, Ops, HR, People, Talent, Design",Singapore
696,Cloudera,Data and Analytics,Singapore
697,Cogs Singapore,"Product, Exec Team, HR, People, Talent, Design",Singapore
698,Constellation Agency,"Marketing, Sales",Singapore
699,Creadits ,"Marketing, Sales, BD and Partnerships, Design",Singapore
700,Creadits ,"Marketing, Sales, Data and Analytics",Singapore
701,Credit Agricole CIB,"Product, Finance, Data and Analytics, Design",Singapore
702,DataRobot,"Engineering, Ops",Singapore
703,Dathappy,Ops,Singapore
704,DBS Bank,Design,Singapore
705,Deliveroo,"HR, People, Talent",Singapore
706,Deliveroo,"Sales, Product, Ops, Exec team, HR, People, Talent",Singapore
707,Deliveroo ,"HR, People, Talent",Singapore
708,Deloitte,"BD and Partnerships, Accounting, Finance",Singapore
709,Deloitte,"Sales, Accounting, Finance",Singapore
710,Digi-BPL,"BD and Partnerships, Product, Exec Team",Singapore
711,Digital Business Lab,"Marketing, Sales, BD and Partnerships",Singapore
712,Droom International Pte. Ltd.,"Sales, BD and Partnerships",Singapore
713,Eames Consulting Group,"Marketing, Sales, BD and Partnerships, HR, People, Talent",Singapore
714,Eezee Pte Ltd,Marketing,Singapore
715,Eezee Pte Ltd,Marketing,Singapore
716,Eezee Pte Ltd,"Marketing, BD and Partnerships, Exec Team, Design",Singapore
717,EMJAC,"Marketing, BD and Partnerships, Product, Ops, Data and Analytics, Exec Team, Design",Singapore
718,Enrupt,"Marketing, BD and Partnerships, Ops, Exec Team",Singapore
719,Entrepreneur First,"Marketing, Sales, BD and Partnerships, Product",Singapore
720,Epsilon,"Marketing, Sales, BD and Partnerships",Singapore
721,Essilor Luxottica,"Marketing, Sales",Singapore
722,EventNook,"Marketing, Sales, BD and Partnerships",Singapore
723,Expedia Group,"Marketing, Sales, BD and Partnerships, Ops",Singapore
724,EY,"Sales, Accounting, Finance",Singapore
725,FalconBio Pte. Ltd. ,"Marketing, BD and Partnerships, Product, Accounting",Singapore
726,FCS Computer Systems (Hospitality Tech),"Product, Design",Singapore
727,FIITJEE,"Marketing, Sales, BD and Partnerships, Engineering, Product, Finance, Ops, Exec Team",Singapore
728,Financial Alliance Pte Ltd,"Marketing, Sales, BD and Partnerships",Singapore
729,FINBOTS AI Solutions Pte ,"Sales, Product, Finance, Data and Analytics",Singapore
730,Finquest,"Product, Ops, Data and Analytics",Singapore
731,Finquest ,"Sales, BD and Partnerships, Exec Team",Singapore
732,Finteix Pte Ltd,Marketing,Singapore
733,FreeState,"Marketing, Product, Design",Singapore
734,Funding Societies,"Sales, BD and Partnerships",Singapore
735,Galvanize,"Sales, Data and Analytics",Singapore
736,GetZave.com,"Engineering, Finance",Singapore
737,GetZave.com,"Engineering, Product, Data and Analytics, Design",Singapore
738,GetZave.com,"Marketing, BD and Partnerships, Product, Design",Singapore
739,GetZave.com,"Marketing, Design",Singapore
740,GetZave.com,"Sales, BD and Partnerships, Finance, Ops, Exec Team",Singapore
741,GetZave.com,"Sales, BD and Partnerships, Product, Ops",Singapore
742,Global CxO,"BD and Partnerships, Exec Team, HR, People, Talent",Singapore
743,Gojek,"Marketing, Sales, BD and Partnerships, Product, Accounting, Finance, Ops, Data and Analytics, Exec Team",Singapore
744,GoodhoodSG,"Product, Design",Singapore
745,Goodwill Advisory Services,"Engineering, Product",Singapore
746,GPJ,"Marketing, Product, Ops, Data and Analytics",Singapore
747,Grab,Engineering,Singapore
748,Grab,"Sales, BD and Partnerships, Ops",Singapore
749,Grab,"Sales, BD and Partnerships, Product, Exec Team",Singapore
750,Hmlet,Marketing,Singapore
751,Hmlet,"Sales, BD and Partnerships",Singapore
752,Hmlet,"Sales, Ops",Singapore
753,Honestbee,"BD and Partnerships, Product, Ops, Exec Team, HR, People, Talent",Singapore
754,Honestbee,Design,Singapore
755,Honestbee,"Marketing, Sales, BD and Partnerships, Ops, Exec Team",Singapore
756,HOOQ,BD and Partnerships,Singapore
757,HOOQ,"BD and Partnerships, Engineering, Product, Ops, Exec Team",Singapore
758,HOOQ,"BD and Partnerships, Product, Exec Team",Singapore
759,HOOQ,Content,Singapore
760,HOOQ,Content,Singapore
761,HOOQ,Content,Singapore
762,HOOQ,Content,Singapore
763,HOOQ,Content,Singapore
764,HOOQ,Content,Singapore
765,HOOQ,Content,Singapore
766,HOOQ,Content,Singapore
767,HOOQ,Content,Singapore
768,HOOQ,Content,Singapore
769,HOOQ,Content,Singapore
770,HOOQ,Data and Analytics,Singapore
771,HOOQ,Data and Analytics,Singapore
772,HOOQ,Data and Analytics,Singapore
773,HOOQ,Data and Analytics,Singapore
774,HOOQ,Design,Singapore
775,HOOQ,Design,Singapore
776,HOOQ,Engineering,Singapore
777,HOOQ,Engineering,Singapore
778,HOOQ,Engineering,Singapore
779,HOOQ,Engineering,Singapore
780,HOOQ,Engineering,Singapore
781,HOOQ,Engineering,Singapore
782,HOOQ,Engineering,Singapore
783,HOOQ,Engineering,Singapore
784,HOOQ,Engineering,Singapore
785,HOOQ,Engineering,Singapore
786,HOOQ,Engineering,Singapore
787,HOOQ,Engineering,Singapore
788,HOOQ,Engineering,Singapore
789,HOOQ,Engineering,Singapore
790,HOOQ,Engineering,Singapore
791,HOOQ,Engineering,Singapore
792,HOOQ,Engineering,Singapore
793,HOOQ,Engineering,Singapore
794,HOOQ,Engineering,Singapore
795,HOOQ,"Engineering, Ops, Data and Analytics, Exec Team",Singapore
796,HOOQ,"Engineering, Product, Finance",Singapore
797,HOOQ,Legal,Singapore
798,HOOQ,Marketing,Singapore
799,HOOQ,Marketing,Singapore
800,HOOQ,Marketing,Singapore
801,HOOQ,Marketing,Singapore
802,HOOQ,Marketing,Singapore
803,HOOQ,Marketing,Singapore
804,HOOQ,"Marketing, BD and Partnerships",Singapore
805,HOOQ,"Marketing, BD and Partnerships, Finance, Ops",Singapore
806,HOOQ,"Marketing, Sales, BD and Partnerships, Ops",Singapore
807,HOOQ,Ops,Singapore
808,HOOQ,Product,Singapore
809,HOOQ,Product,Singapore
810,HOOQ,Product,Singapore
811,HOOQ,Product,Singapore
812,HOOQ,Product,Singapore
813,Howlistic Life Holdings,"Marketing, Sales, BD and Partnerships, Product, Accounting, Ops",Singapore
814,Huge,"Marketing, BD and Partnerships, Product, Ops, Data and Analytics, Exec Team, Design",Singapore
815,IBM,"Engineering, Product",Singapore
816,Iflix,"Marketing, Sales, BD and Partnerships",Singapore
817,Infinity Blockchain Holdings,"Marketing, Sales, BD and Partnerships",Singapore
818,INSEAD / Neuron Mobility,"BD and Partnerships, Product, Data and Analytics",Singapore
819,Inspire-Tech Pte Ltd,"Product, Ops",Singapore
820,Instant Offices,"Sales, BD and Partnerships, Data and Analytics",Singapore
821,INVNT,"Marketing, Sales, BD and Partnerships, Ops, Exec Team, HR, People, Talent",Singapore
822,IRiver Asia,Product,Singapore
823,iVideosmart,"Marketing, Sales, BD and Partnerships, Exec Team",Singapore
824,Japanese Group,"Marketing, Sales, BD and Partnerships",Singapore
825,Jetstar Asia,"BD and Partnerships, Data and Analytics, Exec Team, HR, People, Talent",Singapore
826,Johnson & Johnson,"BD and Partnerships, Engineering, Finance, Data and Analytics",Singapore
827,Jones Lang LaSalle,"BD and Partnerships, HR, People, Talent",Singapore
828,Julius Baer & Co Ltd Singapore ,"Sales, Finance, Data and Analytics",Singapore
829,Kaddra,"Engineering, Product, Data and Analytics, Exec Team",Singapore
830,Kapronasia,"Marketing, HR, People, Talent",Singapore
831,KeyReply,"Sales, BD and Partnerships",Singapore
832,KeyReply,"Sales, BD and Partnerships, Ops",Singapore
833,KGiSL,"Sales, BD and Partnerships, Ops, Exec Team",Singapore
834,Kind Kones,"Marketing, BD and Partnerships, Ops, Exec Team, HR, People, Talent",Singapore
835,land transport authority,Engineering,Singapore
836,Lazada,Data and Analytics,Singapore
837,"Levi Strauss, Singapore","BD and Partnerships, Data and Analytics, Design",Singapore
838,Lime Technologies Pvt Ltd,"Marketing, BD and Partnerships, Ops, Data and Analytics, Exec Team",Singapore
839,LivePerson,"Marketing, Sales, BD and Partnerships, Exec Team",Singapore
840,Luminaire AI Pte Ltd,"Marketing, Sales, BD and Partnerships, Product, Exec Team, Design",Singapore
841,Lynk Global,"Sales, BD and Partnerships",Singapore
842,MakerLab,Design,Singapore
843,Maltem Consulting Group,"Product, Design",Singapore
844,MAS Holdings,BD and Partnerships,Singapore
845,Massachusetts Daily Collegian,"Product, Design",Singapore
846,MDIS Holdings (Singapore),"BD and Partnerships, Finance, Data and Analytics",Singapore
847,Medella Cancer Cure Centre,Marketing,Singapore
848,Mekari,Engineering,Singapore
849,Meltwater,"Marketing, Data and Analytics",Singapore
850,Mnubo,"Sales, BD and Partnerships",Singapore
851,Momentum Works (Halalnode),BD and Partnerships,Singapore
852,Monash University,Product,Singapore
853,Moon Rabbit,"Marketing, Design",Singapore
854,NatWest Markets,"Sales, BD and Partnerships, Product, Finance, Ops, Data and Analytics",Singapore
855,NodeFlair,"HR, People, Talent",Singapore
856,Noodle Factory,"Engineering, Data and Analytics",Singapore
857,NTUC Foodfare,"Sales, Engineering, Product, Ops, Exec Team",Singapore
858,Onchain Custodian ,"Sales, BD and Partnerships",Singapore
859,OnlinePajak,"Marketing, Engineering, Product",Singapore
860,OnlinePajak,"Product, Ops, Data and Analytics",Singapore
861,Own The Room,"Marketing, Sales, HR, People, Talent",Singapore
862,OxMet Technologies,"Engineering, Product",Singapore
863,OYO,"Marketing, Sales, BD and Partnerships",Singapore
864,Pacific Liberty (Singapore) Pte Ltd,"Ops, HR, People, Talent",Singapore
865,Parcel Perform,"Marketing, Sales, BD and Partnerships, Product, Ops, Data and Analytics, Exec Team",Singapore
866,Parcel Perform,"Ops, HR, People, Talent",Singapore
867,Patsnap,"Sales, BD and Partnerships",Singapore
868,Perx Technologies,"Sales, BD and Partnerships",Singapore
869,Perx Technologies,"Sales, BD and Partnerships, Exec Team",Singapore
870,PHAR Partnerships ,"Sales, BD and Partnerships",Singapore
871,PHAR Partnerships ,"Sales, BD and Partnerships",Singapore
872,Possible WorldWide (Wunderman / WPP),"Marketing, BD and Partnerships",Singapore
873,Prefer not to disclose,"Marketing, Sales, BD and Partnerships, Engineering, Product, Accounting, Finance, Ops, Data and Analytics, Exec Team, HR, People, Talent, Design",Singapore
874,Prime HR,"Sales, Accounting, Finance, Ops, Exec Team, HR, People, Talent",Singapore
875,Prive Technologies,Product,Singapore
876,Prodata Group,"Marketing, BD and Partnerships, Ops, Design",Singapore
877,Proficio Consulting,"Marketing, Sales, BD and Partnerships, Engineering, Product, Finance, Ops, Exec Team",Singapore
878,Protenga,"Product, HR, People, Talent",Singapore
879,PT. Indoprof Motor Sejati,"Accounting, Finance",Singapore
880,PurelyB,Marketing,Singapore
881,Q8 Pte Ltd,Sales,Singapore
882,Quadrature Capital,"Product, Finance",Singapore
883,Qwikfab,"Sales, BD and Partnerships, Engineering, Product, Ops, Exec Team",Singapore
884,Race Academy ,"Sales, Engineering, Design",Singapore
885,Rainmaking,"Sales, BD and Partnerships, HR, People, Talent",Singapore
886,Red Otter Pte Ltd.  ,"Ops, Exec Team",Singapore
887,Refinitiv,"Product, Ops, Exec Team",Singapore
888,RELX Technology,Marketing,Singapore
889,Revinate,"Marketing, Product, Ops",Singapore
890,Rhenus Logistics Asia Pacific Pte Ltd,"Sales, Product, Ops",Singapore
891,RISE,"Sales, BD and Partnerships",Singapore
892,SaleCycle,Marketing,Singapore
893,Saleswhale,Sales,Singapore
894,Sanofi,"Marketing, Sales",Singapore
895,SATS ,Ops,Singapore
896,Savonix Inc,Product,Singapore
897,Savonix Pte Ltd,"Product, Data and Analytics",Singapore
898,SC Ventures,Marketing,Singapore
899,Schroder Investment Management (Singapore) Ltd,"Ops, Data and Analytics",Singapore
900,Seekify pte ltd(Sequoia backed) ,Engineering,Singapore
901,Sembcorp Utilities ,"Accounting, Finance, HR, People, Talent",Singapore
902,SenSING Pte Ltd,"Engineering, Data and Analytics",Singapore
903,SensorFlow,"Sales, BD and Partnerships",Singapore
904,SensorFlow,"Sales, BD and Partnerships",Singapore
905,SensorFlow,"Sales, Engineering, Ops, Exec Team",Singapore
906,Sensorflow Pte Ltd,"Ops, Data and Analytics, Exec Team",Singapore
907,Shield (https://www.shield.com),"Engineering, Product, Data and Analytics",Singapore
908,Shiseido Travel Retail Asia,"Marketing, Product, Data and Analytics",Singapore
909,Shuga Pte Ltd ,"Marketing, Sales, BD and Partnerships, Data and Analytics",Singapore
910,Silberline,"Marketing, Sales, BD and Partnerships, Engineering, Product, Ops, Data and Analytics, Design",Singapore
911,Singapore Telecommunications,"Engineering, Product, Ops",Singapore
912,Skift,"Marketing, Sales",Singapore
913,Skyscanner,"Engineering, Product",Singapore
914,Smove Car Sharing,Data and Analytics,Singapore
915,Smove Car Sharing,Marketing,Singapore
916,Smove Car Sharing,Ops,Singapore
917,Smove System Pte Ltd,Engineering,Singapore
918,Smove System Pte Ltd,Product,Singapore
919,SMRT,"Marketing, Sales, BD and Partnerships, Data and Analytics",Singapore
920,Sojern,"HR, People, Talent",Singapore
921,Sojern,"Marketing, Ops",Singapore
922,Sojern,"Marketing, Sales",Singapore
923,Sojern,"Marketing, Sales",Singapore
924,Sojern,"Marketing, Sales, BD and Partnerships",Singapore
925,Sojern,"Marketing, Sales, BD and Partnerships",Singapore
926,Sojern,Ops,Singapore
927,Sojern,"Ops, Data and Analytics",Singapore
928,Sojern,"Ops, Data and Analytics",Singapore
929,Sojern,"Sales, BD and Partnerships",Singapore
930,Sojern,"Sales, Product, Ops",Singapore
931,Sojern Inc,"Sales, BD and Partnerships, Product, Ops",Singapore
932,Spoonful Meals,"Marketing, Sales, BD and Partnerships, Ops",Singapore
933,Spoonful Meals,"Marketing, Sales, BD and Partnerships, Product, Ops",Singapore
934,Stragiti ,"Marketing, Sales, BD and Partnerships, Product",Singapore
935,StubHub (former eBay subsidiary),Product,Singapore
936,Style Theory ,"HR, People, Talent",Singapore
937,SWAT Mobility Pte. Ltd.,"Sales, BD and Partnerships, Ops",Singapore
938,Swipe WiFi,"Sales, BD and Partnerships, Product, Ops",Singapore
939,Tallship Adventures Pte Ltd,"Marketing, Sales, BD and Partnerships, Exec Team",Singapore
940,Technopals,"Sales, BD and Partnerships, Product, Ops, Data and Analytics, Exec Team",Singapore
941,Telepathy Labs,"Engineering, Ops, Exec Team",Singapore
942,Telepathy Labs,"Product, Ops, Data and Analytics",Singapore
943,Thales DIS (Singapore) Pte Ltd,"HR, People, Talent",Singapore
944,The Embassy of the Republic of Indonesia ,"Marketing, BD and Partnerships",Singapore
945,The Smart Local Singapore,"Marketing, Design",Singapore
946,TORAY Singapore Water Research Center,"Engineering, Ops",Singapore
947,TotallyAwesome,"Marketing, Sales, BD and Partnerships",Singapore
948,TradeGecko,"Marketing, Product",Singapore
949,Traveloka,"Accounting, Finance",Singapore
950,Traveloka,"BD and Partnerships, Engineering, Product",Singapore
951,Traveloka,Data and Analytics,Singapore
952,Traveloka,Data and Analytics,Singapore
953,Traveloka,Data and Analytics,Singapore
954,Traveloka,Engineering,Singapore
955,Traveloka,Engineering,Singapore
956,Traveloka,"Engineering, Data and Analytics",Singapore
957,Traveloka,"Engineering, Data and Analytics",Singapore
958,Traveloka,"Engineering, Product, Data and Analytics",Singapore
959,Traveloka,Product,Singapore
960,TravelStop,"Marketing, Sales, BD and Partnerships, Data and Analytics, Exec Team",Singapore
961,Unilever,Marketing,Singapore
962,United Test & Assembly Corporation ,"Engineering, Product, Ops, Data and Analytics, HR, People, Talent, Design",Singapore
963,United test and Assembly Corporation ,"Engineering, Product, Ops, Data and Analytics, Exec Team, HR, People, Talent",Singapore
964,University of Oxford,"Engineering, Product, Data and Analytics",Singapore
965,V-Key,"Sales, BD and Partnerships",Singapore
966,Verita Healthcare Group,Marketing,Singapore
967,Verita Healthcare Group,"Sales, BD and Partnerships",Singapore
968,Visenze,"Sales, BD and Partnerships, Product, Exec Team",Singapore
969,Vrbo (HomeAway)  Expedia Group,Design,Singapore
970,Wassa,"Sales, BD and Partnerships, HR, People, Talent",Singapore
971,Wecash ,"BD and Partnerships, Product, Ops, HR, People, Talent",Singapore
972,WeLab Virtual Bank,"Sales, BD and Partnerships, Product, Finance, Ops",Singapore
973,WorkFusion,"Sales, BD and Partnerships, Exec Team",Singapore
974,WorkFusion,"Sales, Engineering, Product, Data and Analytics, Design",Singapore
975,Wowoo Exchange Singapore,"Product, Ops",Singapore
976,www.lightful.com,"BD and Partnerships, Product, Ops, Design",Singapore
977,X0PA Ai,"Marketing, Sales, BD and Partnerships, Exec Team, HR, People, Talent",Singapore
978,Xen Technologies,Engineering,Singapore
979,XSEED Education Private Limited,"BD and Partnerships, Accounting, Finance, Ops",Singapore
980,XXII GROUP,Product,Singapore
981,Zeemart,Design,Singapore
982,Zeemart,"Sales, BD and Partnerships",Singapore
983,Zeemart Pte Ltd,Ops,Singapore
984,ZEN eServices Pte Ltd,"Sales, BD and Partnerships, Ops",Singapore
985,ZEN Rooms,Data and Analytics,Singapore
986,Zenyum,"Marketing, Product, Design",Singapore
987,Zilingo,"BD and Partnerships, Ops",Singapore
988,Zilingo,"Exec Team, HR, People, Talent",Singapore
989,Zilingo,"HR, People, Talent",Singapore
990,Zilingo,"HR, People, Talent",Singapore
991,Zilingo,Marketing,Singapore
992,Zilingo,Marketing,Singapore
993,Zilingo,"Marketing, Exec Team",Singapore
994,Zilingo,"Marketing, Product, Ops, Data and Analytics",Singapore
995,Zilingo,"Marketing, Sales, BD and Partnerships, Ops",Singapore
996,Zilingo,Ops,Singapore
997,Zilingo,"Product, Data and Analytics",Singapore
998,Zilingo,"Sales, BD and Partnerships, Product, Ops, Exec Team",Singapore
999,Zilingo,"Sales, Product, Exec Team",Singapore
1000,Zimplistic,Marketing,Singapore
1001,Zurich Insurance Group,"Sales, BD and Partnerships, Product, Finance, Data and Analytics",Singapore
1002,Zuzu Hospitality,"BD and Partnerships, Product, Ops, Data and Analytics",Singapore
1003,Zuzu Hospitality,Marketing,Singapore
1004,Zuzu Hospitality,"Sales, BD and Partnerships, Product",Singapore
1005,Autobnb,"Marketing, Sales, BD and Partnerships, Accounting, Ops",South Korea
1006,Fundsfy,"BD and Partnerships, Product, Ops, Exec Team",Spain
1007,Xen Technologies,Engineering,Spain
1008,Ascend Group,Product,Thailand
1009,Bespokify,"Marketing, BD and Partnerships, Ops, Exec Team",Thailand
1010,Clinch Labs,"Marketing, Engineering, Product, Data and Analytics",Thailand
1011,Dahmakan,"Marketing, BD and Partnerships, Exec Team",Thailand
1012,Enapter,Marketing,Thailand
1013,"HMD Global, New chapter of Nokia Android smartphone","Marketing, Sales, BD and Partnerships",Thailand
1014,HOOQ,BD and Partnerships,Thailand
1015,HOOQ,Content,Thailand
1016,HOOQ,Content,Thailand
1017,HOOQ,Content,Thailand
1018,HOOQ,Ops,Thailand
1019,"Inception Technology Co., Ltd.","Marketing, Finance, Data and Analytics, Exec Team",Thailand
1020,IWF ,"BD and Partnerships, Exec Team",Thailand
1021,Lendela,"Marketing, Sales, BD and Partnerships, Accounting, Finance, Ops, Data and Analytics, Exec Team, HR, People, Talent",Thailand
1022,LightBlue Environmental Consulting,"BD and Partnerships, Engineering, Product, Ops, Data and Analytics, HR, People, Talent",Thailand
1023,M17 Services,"Engineering, Product, Design",Thailand
1024,M17 Services,"Marketing, BD and Partnerships",Thailand
1025,Minor International,"BD and Partnerships, Product, Finance, Ops, Data and Analytics",Thailand
1026,OYO,"Marketing, Sales, BD and Partnerships, Ops, Exec Team",Thailand
1027,OYO,"Marketing, Sales, BD and Partnerships, Ops, HR, People, Talent",Thailand
1028,OYO,"Marketing, Sales, BD and Partnerships, Product, Finance, Data and Analytics",Thailand
1029,OYO,"Sales, BD and Partnerships, Finance, Exec Team",Thailand
1030,Power Mining,"Marketing, Product, Data and Analytics",Thailand
1031,William Russell,"Sales, BD and Partnerships, Exec Team",Thailand
1032,Xplor ,"Engineering, Product",Thailand
1033,PwC Dubai,"BD and Partnerships, Ops, Data and Analytics, Exec Team",United Arab Emirates
1034,United Channels,"BD and Partnerships, Engineering, Product, Ops",United Arab Emirates
1035,shareVentures ,"Marketing, BD and Partnerships",United Arab Emirates 
1036,Bango,"Marketing, Sales, BD and Partnerships, Product, Data and Analytics, Exec Team",United Kingdom
1037,Fyde Inc,"Marketing, Product",United Kingdom
1038,HeyBryan (Prev. Sony PlayStation),"Marketing, Product, Ops, Design",United Kingdom
1039,The Light Agency,"Marketing, HR, People, Talent, Design",United Kingdom
1040,WISSCOM AEROSPACE LIMITED,"Product, Data and Analytics",United Kingdom
1041,C3.ai,"BD and Partnerships, Product",United States
1042,Polarr,"Product, Design",United States
1043,Tech Mahindra Limited,Engineering,United States
1044,Zilingo,Marketing,United States
1045,Akamai Technologies,"Engineering, Exec Team",USA
1046,Brightline Interactive,"Marketing, Sales, BD and Partnerships, Exec Team",USA
1047,Genospace,Design,USA
1048,Populus Financial Group,"Engineering, Product, Ops, Data and Analytics, Exec Team",USA
1049,Tata Communications Limited,BD and Partnerships,USA
1050,GOTOUZBEKISTAN,"Marketing, Sales, Product",Uzbekistan
1051,Diamond Star Consulting Joint Stock Co,"Marketing, BD and Partnerships, Product, Ops",Vietnam
1052,MSC CRUISE LINE,"Marketing, Sales",Vietnam
1053,vsource.io,Product,Vietnam